{
  "train_loss": [
    4.470539004055421,
    2.3786291677052023,
    1.1610966875100694,
    0.6375705191194375,
    0.44445608120991476
  ],
  "train_acc": [
    0.19353333333333333,
    0.8219333333333333,
    0.9502666666666667,
    0.9816666666666667,
    0.9896666666666667
  ],
  "eval_loss": [
    3.2374980449676514,
    1.506961149104098,
    0.781637265961221,
    0.5159886067217969,
    0.44424765224152424
  ],
  "eval_acc": [
    0.6873333333333334,
    0.9083333333333333,
    0.9506666666666667,
    0.9586666666666667,
    0.9616666666666667
  ]
}